name	lhs_probe	rhs_probe	gap_probe_sequence	gene	index	gapfill_from_transcriptome	gapfill_start	gapfill_end	gapfill_from_genome	overlaps_within_set	overlaps_with_flex	original_name
BCR-ABL	GTCAGATGCTACTGGCCGCTGAAGG	TGAACTCTGCTTAAATCCAGTGGCT	GCTTT	BCR-ABL	0				not_found	1	1	BCR-ABL
PIK3CA c.1636C>A	GTGACTCCATAGAAAATCTTTCTCC	CAGTGATTTCAGAGAGAGGATCTCG	TTCT	PIK3CA	1	TGCT	1634	1637	TGCT	1	0	PIK3CA c.1636C>A
INPPL1 c.209G>A	AAGAAATCTTCTCCATCAGGCAGAA	TACGTGTGCACATGCTTCTGATACA	TGTGA	INPPL1	2	TGCGA	207	211	not_found	1	0	INPPL1 c.209G>A
PIK3CA c.2908G>A	CTCAAATTCTCTTGTCTTTGTGCAT	TGGGCTCCTTTACTAATCACTATTA	TTT	PIK3CA	3	TCT	2907	2909	TCT	1	0	PIK3CA c.2908G>A
MSH6 c.1168G>A	AGGCACATAGAGTGTAGATGCATCA	TGATCAGGCCTCCTCCTGTGCTCAT	AAATTGGGG	MSH6	4	AAATCGGGG	1164	1172	AAATCGGGG	1	0	MSH6 c.1168G>A
KRAS c.34G>T	GTATCGTCAAGGCACTCTTGCCTAC	CCAACTACCACAAGTTTATATTCAG	GCCACAAGCT	KRAS	5	GCCACCAGCT	30	39	GCCACAAGCT	1	0	KRAS c.34G>T
PIK3CA c.3141T>A	CAATCCATTTTTGTTGTCCAGCCAC	GTGCATCATTCATTTGTTTCATGAA	CATGTT	PIK3CA	6	CATGAT	3140	3145	CATGAT	1	0	PIK3CA c.3141T>A
BRAF c.1799T>A	GATGGGACCCACTCCATCGAGATTT	GTAGCTAGACCAAAATCACCTATTT	CTCT	BRAF	7	CACT	1797	1800	CACT	1	0	BRAF c.1799T>A
TP53 c.817C>*	CCGGTCTCTCCCAGGACAGGCACAA	TCAAAGCTGTTCCGTCCCAGTAGAT	ACACNCACC	TP53	8	ACACGCACC	813	821	ACACGCACC	1	0	TP53 c.817C>*
SF3B1 c.2098A>G	TGGCCAAAGCACTGATGGTCCGAAC	TGCTGCTCATCCACAAGACCATGTT	TTCC	SF3B1	9	TTTC	2097	2100	not_found	1	0	SF3B1 c.2098A>G
EGFR c.2573T>G	TTTCTCTTCCGCACCCAGCAGTTTG	AAATCTGTGATCTTGACATGCTGCG	GCCCGCCCA	EGFR	10	GCCAGCCCA	2568	2576	GCCAGCCCA	1	0	EGFR c.2573T>G
TP53 c.742C>T	CTTCCAGTGTGATGATGGTGAGGAT	TTCATGCCGCCCATGCAGGAACTGT	GGGCCTCCAG	TP53	11	GGGCCTCCGG	741	750	GGGCCTCCGG	1	0	TP53 c.742C>T
NRAS c.181C>A	TGGTCTCTCATGGCACTGTACTCTT	TCCAGCTGTATCCAGTATGTCCAAC	CTTT	NRAS	12	CTTG	181	184	CTTG	1	0	NRAS c.181C>A
U2AF1 c.101C>*	CTAAACGTCGGTTTATTGTGCAACC	GTCTCCATGACGACATGCTCCAATT	GANAGCACCT	U2AF1	13	GAGAGCACCT	94	103	GAGAGCACCT	1	0	U2AF1 c.101C>*
TP53 c.1024C>T	TGAGTTCCAAGGCCTCATTCAGCTC	CTCGAAGCGCTCACGCCCACGGATC	TCAGAACAT	TP53	14	TCGGAACAT	1018	1026	TCGGAACAT	1	0	TP53 c.1024C>T
NRAS c.34G>T	TGTCAGTGCGCTTTTCCCAACACCA	GCTCCAACCACCACCAGTTTGTACT	CAT	NRAS	15	CCT	33	35	CCT	1	0	NRAS c.34G>T
AR c.2105T>A	TCTCTCCCAGTTCATTGAGGCTAGA	GCAAAGGAGTCGGGCTGGTTGTTGT	GTGCAAGGCT	AR	16	GAGCAAGGCT	2097	2106	GAGCAAGGCT	1	0	AR c.2105T>A
FGFR3 c.746C>G	CCCGCCTGCAGGATGGGCCGGTGCG	CCAGCACGTCCAGCGTGTACGTCTG	GGCAGCGCT	FGFR3	17	GGGAGCGCT	740	748	GGGAGCGCTCTGTGGGGGCA...	1	0	FGFR3 c.746C>G
KRAS c.183A>C	ACTGGTCCCTCATTGCACTGTACTC	TGACCTGCTGTGTCGAGAATATCCA	CTCG	KRAS	18	CTCT	183	186	CTCT	1	0	KRAS c.183A>C
TP53 c.916C>T	GAGGAGCTGGTGTTGTTGGGCAGTG	TTAGTGCTCCCTGGGGGCAGCTCGT	CTCAC	TP53	19	CTCGC	915	919	CTAGGAAAGAGGCAAGGAAA...	1	0	TP53 c.916C>T
APC c.4348C>T	TAGGTGCTTTATTTTTAGGTACTTC	TGGTTTGAGCTGTTTGAGGAGGTGG	TCACT	APC	20	TCGCT	4346	4350	TCGCT	1	0	APC c.4348C>T
MYD88 c.794T>C	CTTTCTTCATTGCCTTGTACTTGAT	TCGCTTCTGATGGGCACCTGGAGAG	GGGGATCGG	MYD88	21	GGGGATCAG	[619, 778]	[627, 786]	not_found	1	0	MYD88 c.794T>C
PIK3CA c.1035T>A	TAGATCTTATCAATGTCTCGAATAT	TCACGTAGGTTGCACAAAGAATTTT	TTACTT	PIK3CA	22	TTACAT	1034	1039	not_found	1	0	PIK3CA c.1035T>A
CDKN2A c.238C>T	GTCGGCGCAGTTGGGCTCCGCGCCG	AGCAGCAGCTCCGCCACTCGGGCGC	TGAAGC	CDKN2A	23	TGGAGC	235	240	TGGAGC	1	0	CDKN2A c.238C>T
CTNNB1 c.122C>T	CTTTACCACTCAGAGAAGGAGCTGT	AGTGGCACCAGAATGGATTCCAGAG	GAT	CTNNB1	24	GGT	121	123	GGT	1	0	CTNNB1 c.122C>T
GNAS c.602G>A	GGTCTCAAAGATTCCAGAAGTCAGG	CAGCGAAGCAGGTCCTGATCGCTCG	ACATGG	GNAS	25	ACACGG	600	605	not_found	1	0	GNAS c.602G>A
PIK3CA c.263G>A	GGGTTGAAAAAGCCGAAGGTCACAA	TCTTGTTTCATCAAAAAATTCTTCC	AGTTG	PIK3CA	26	AGTCG	262	266	AGTCG	1	0	PIK3CA c.263G>A
FBXW7 c.1393C>T	ACTCTTTTTTCATGAAGATGCATAC	TGGAAGTATGCCCATATAAGGTGTG	AACACACAG	FBXW7	27	AACGCACAG	1388	1396	not_found	1	0	FBXW7 c.1393C>T
PTEN c.388C>*	AATATGCACATATCATTACACCAGT	TTCCAGCTTTACAGTGAATTGCTGC	TCNTCCCT	PTEN	28	TCGTCCCT	383	390	TCGTCCCT	1	0	PTEN c.388C>*
APC c.2626C>T	CTGCAGTGGTGGAGATCTGCAAACC	TTTGAAGAAGTTCCTGGATTTTCTG	TCAC	APC	29	TCGC	2625	2628	TCGC	1	0	APC c.2626C>T
SMAD4 c.1082G>A	GGACATTGGAGAGTTGACCCAAACA	TCTCCTCCAGAAGGGTCCACGTATC	AAAGTGA	SMAD4	30	AAAGCGA	1080	1086	AAAGCGA	1	0	SMAD4 c.1082G>A
TP53 c.405insC	CAGCTGCACAGGGCAGGTCTTGGCC	AAAACATCTTGTTGAGGGCAGGGGA	AGTTGGGC	TP53	31	AGTTGGC	404	410	AGTTGGC	1	0	TP53 c.405insC
CDKN2A c.172C>T	ATGACCTGGTCTTCTAGGAAGCGGC	GCCCTAGACGCTGGCTCCTCAGTAG	TACT	CDKN2A	32	TGCT	170	173	not_found	1	0	CDKN2A c.172C>T
PIK3CA c.1258T>C	GTTTATATTTCCCCATGCCAATGGA	GTTCCTCTTTAGCACCCTTTCGGCC	CGGT	PIK3CA	33	CAGT	1256	1259	not_found	1	0	PIK3CA c.1258T>C
IDH2 c.515G>A	CTGTGGCCTTGTACTGGTCGCCATG	TGCCAATGGTGATGGGCTTGGTCCA	GGCGTGCT	IDH2	34	GGCGTGCC	515	522	not_found	1	0	IDH2 c.515G>A
SF3B1 c.1998G>T	CATAAGAATAGCTATCTGTTGTACA	TTAATACCAGTGTGTCTCGCTTGCC	ATA	SF3B1	35	ATC	1998	2000	ATC	1	0	SF3B1 c.1998G>T
PIK3CA c.2176G>A	AAAACTTCATCTGTACCTTTTGTGT	TCCTTCTTCTCCTGTTTGAGAATGT	TTTA	PIK3CA	36	TTCA	2175	2178	not_found	1	0	PIK3CA c.2176G>A
APC c.646C>T	TTCGATTTGCTGAATTCTGGCTATT	TGTGCTCGTTTTTCCATATCCTGGC	CTTCAC	APC	37	CTTCGC	645	650	CTTCGCTAAAATAAAACAAG...	1	0	APC c.646C>T
EGFR c.2369C>T	CAGGAGGCAGCCGAAGGGCATGAGC	TGATGAGCTGCACGGTGGAGGTGAG	TGCA	EGFR	38	TGCG	2369	2372	TGCG	1	0	EGFR c.2369C>T
APC c.3340C>T	GATTAATTCCATGATTAGAACCCAC	TTTGTTTCTGAACCATTGGCTCCCC	TCAA	APC	39	TCGA	3339	3342	TCGA	1	0	APC c.3340C>T
SF3B1 c.1873C>T	CAGCAAAAGCTCTAGCTGTTGTGTT	TACTCATCCATGTTATCTATATCAG	ACAGACA	SF3B1	40	ACGGACA	1869	1875	ACGGACA	1	0	SF3B1 c.1873C>T
XPO1 c.1711G>A	TCCATCATGGGTCTCATGCATGAAT	TTGTTAACTACAGTCTTCAGAAATT	TTGAACAGC	XPO1	41	TCGAACAGC	1704	1712	not_found	1	0	XPO1 c.1711G>A
FGFR3 c.1118A>G	CCACCCCGTAGCTGAGGATGCCTGC	GCCCGCCTCGTCAGCCTCCACCAGC	ACACACACT	FGFR3	42	ATACACACT	1111	1119	ATACACACT	1	0	FGFR3 c.1118A>G
ERBB2 c.2033G>A	TCGTGTACTTCCGGATCTTCTGCTG	CGCTTGATGAGGATCCCAAAGACCA	CTGT	ERBB2	43	CCGT	2031	2034	CCGT	1	0	ERBB2 c.2033G>A
PIK3CA c.353G>A	TTCACACACTGGCATGCCGATAGCA	TTCTCGATTGAGGATCTTTTCTTCA	AAATCAAT	PIK3CA	44	AAACCAAT	349	356	AAACCTTTAATAAAATTACA...	1	0	PIK3CA c.353G>A
PIK3CA c.1357G>*	TAACACCAATAGGGTTCAGCAAATC	AATCCATGAGGTACTGGCCAAAGAT	TTNT	PIK3CA	45	TTCT	1356	1359	TTCT	1	0	PIK3CA c.1357G>*
PTEN c.697C>T	AAAGTACATGAACTTGTCTTCCCGT	GTGGGTCCTGAATTGGAGGAATATA	CAT	PTEN	46	CGT	696	698	CGT	1	0	PTEN c.697C>T
ERBB2 c.2264T>C	TTGGCTTTGGGGGATGTGTTTTCCC	TTGATGGCCACTGGAATTTTCACAT	TCGACACT	ERBB2	47	TCAACACT	2259	2266	TCAACACT	1	0	ERBB2 c.2264T>C
TP53 c.328C>T	CTGTCCCAGAATGCAAGAAGCCCAG	TAGCTGCCCTGGTAGGTTTTCTGGG	ACAGAAACCG	TP53	48	ACGGAAACCG	321	330	ACGGAAACCG	1	0	TP53 c.328C>T
ARFGEF2 c.1294A>G	AAGGCCACACAGAGATATTGCTTGA	GCATTGATGAACATCTCGTGAGTCC	CT	ARFGEF2	49	TT	1293	1294	TT	1	0	ARFGEF2 c.1294A>G
MGA c.3808T>C	TTATGGTTCTCAGGGCTAGAATGAC	GAAGTTTGCTGCTGAAATGATGGAG	GT	MGA	50	AT	3807	3808	AT	1	0	MGA c.3808T>C
TTF2 c.382G>A	GAGCTGGTTCTTGATTCTTGTCAAG	TGAATGGATTTCTCAGCCAGTTGGA	TATCT	TTF2	51	TACCT	380	384	TACCT	1	0	TTF2 c.382G>A
LATS1 c.1591C>T	TTTGAAGCGGTTCCCTCAGGAAAAG	CTGGGTTGAACAGTTTGAATTGGCT	AA	LATS1	52	GA	1590	1591	GA	1	0	LATS1 c.1591C>T
ZKSCAN5 c.1566A>G	TCATCCTCTTTGAAGATGGTTGTCC	GTATCTCTTTCATGGGAATTCCCTG	CA	ZKSCAN5	53	TA	1565	1566	TA	1	0	ZKSCAN5 c.1566A>G
MFSD12 c.1202G>T	AGCTCATGGAGCCGTACACGAACGC	GCTGTTCGTGTGGGGACCGATGAGG	TAC	MFSD12	54	TCC	1201	1203	not_found	1	0	MFSD12 c.1202G>T
SLC23A2 c.1417G>A	GACGCAAAGAGGGCGCTGAACTTCC	CATGCCCAGAGCGAGCATGAGGGCT	TGAT	SLC23A2	55	CGAT	1414	1417	CGAT	1	0	SLC23A2 c.1417G>A
MKI67 c.8158A>C	ACACGTGTCCTGAGATGCCTCTTTG	TTGCTGTGGTGTCTACCACTTCTAG	GGC	MKI67	56	TGC	8156	8158	TGC	1	0	MKI67 c.8158A>C
TAF1B c.1386G>T	GGCTTTTTTTTCCAGCAGTTGCTGT	CGACCAGTGTGCTAAATTGTTTCTG	TGAAT	TAF1B	57	TGACT	1385	1389	TGACT	1	0	TAF1B c.1386G>T
SETD5 c.4131C>T	AGTCTGATGGCAATGACGACCTAGA	TCTGAGGAAAGGAGGTGGAACTCAG	AT	SETD5	58	GT	4130	4131	GT	1	0	SETD5 c.4131C>T
KIF20B c.4945A>G	TTCCTCTTCCGAGCCTTGGGAATCT	ACTGTCACTGGTGTGGTACAACCAG	CA	KIF20B	59	TA	4944	4945	TA	1	0	KIF20B c.4945A>G
SACS c.7497C>T	TTTCTAAGGCTTTGTGTCGCTTTGG	CTGCTCCTAGTTTTACTGCTACTTC	AA	SACS	60	GA	7496	7497	GA	1	0	SACS c.7497C>T
PLCB3 c.707A>G	CTCCAGCGTCAGGTATGGCTTGCCC	GGCGCCTATCTCCAGCAGGATCTTG	CT	PLCB3	61	TT	706	707	not_found	1	0	K562_RNAedits|PLCB3|c.707A>G
COX10 c.682C>T	AGCTAGCAATGGGCTGATCTGTCCA	CAGCGGTCTGTTCTTTGTCCTATTC	CAAAC	COX10	62	CGAAC	679	683	not_found	1	0	MM1S_heterozygous|COX10|c.682C>T
SLC39A11 c.168T>C	CAACTGCTGGGGCCAGAAGAGACCA	AGGAAGCTGCCAACATGACCCCTGC	GT	SLC39A11	63	AT	167	168	not_found	1	0	SLC39A11 c.168T>C
MDN1 c.2603C>T	GTCAGGATGCCGAACCAGTGGCTCT	GTCTCCTCGATCCAGCAACACCAGG	AT	MDN1	64	GT	2602	2603	GTTAAGAGAAAATTACAAAT...	1	0	MM1S_heterozygous|MDN1|c.2603C>T
ZNF609 c.2601C>T	TAGCCCCTTCTTTAACCAACTGTTC	GTCCTTTGATTTGACACTGTCTACC	AGC	ZNF609	65	GGC	2599	2601	GGC	1	0	ZNF609 c.2601C>T
RNF216 c.1896G>A	TATACAGGATGGTCTGGGGGAGCAC	TCTCCAGCTCACTGGTTGGGAACGA	TT	RNF216	66	CT	1895	1896	CT	1	0	MM1S_heterozygous|RNF216|c.1896G>A
BRD9 c.66G>A	CTAGCTTTAGAGGCTTCTCCAGGGG	TGTCGGCATAATCCTCGTAGGACGA	TT	BRD9	67	CT	65	66	not_found	1	0	MM1S_heterozygous|BRD9|c.66G>A
TBC1D13 c.66A>G	AGCTGAGTTCCCGCAGCTTTTCCAA	AATTGAGGGCTCCTTCAGGACATCC	CGC	TBC1D13	68	TGC	64	66	TGC	1	0	MM1S_heterozygous|TBC1D13|c.66A>G
TTC19 c.573G>A	AGCAACAGCAAATTCCTGTCTGTTC	AGCATAGATACTGGCCAGCTTTAGG	TGTGC	TTC19	69	TGCGC	571	575	not_found	1	0	MM1S_heterozygous|TTC19|c.573G>A
CCDC88C c.3372G>A	TGAGCGCTGCGCTCTGGGAACTCAG	GGAGTTCTCCACCTGCAGCTTGGCG	TGT	CCDC88C	70	CGT	3370	3372	not_found	1	0	MM1S_homozygous|CCDC88C|c.3372G>A
ARID4A c.2760A>G	CTTTCACTAGTCAGTTGTTGGATGC	GGTTTGACTCTGCTATCAATGATGG	ACT	ARID4A	71	ATT	2759	2761	ATT	1	0	MM1S_homozygous|ARID4A|c.2760A>G
COPG1 c.663T>C	AGTAGGCAAAGGGAGACTTAAGGCC	GCCGTGTGACCTTGCTGATCATCTT	GT	COPG1	72	AT	662	663	AT	1	0	MM1S_homozygous|COPG1|c.663T>C
AKAP9 c.1389G>T	CCATTTCTCCCTTATGCCGTGTTTT	TTCCTCCATCTGTGCCATGTGTTGT	AAT	AKAP9	73	CAT	1387	1389	CAT	1	0	AKAP9 c.1389G>T
KMT2C c.8685G>A	CTTGAGCAGGTAGTTGAGTGGATGC	GAATGACATTTGCACTGGGGCCAGC	TT	KMT2C	74	CT	8684	8685	CT	1	0	MM1S_homozygous|KMT2C|c.8685G>A
SBNO1 c.627G>A	TCATGGTTGGGGAAAAACTCCTCAT	TGTCGTTTATCCACATTCTAGCTCC	TTTCA	SBNO1	75	CTTCA	623	627	not_found	1	0	SBNO1 c.627G>A
ANO10 c.799A>G	AGTGTCCCCCACCTGTAGGTCATGT	ACAGCCACGCTTCCACAGTTCCAGA	CGGC	ANO10	76	TGGC	796	799	TGGC	1	0	ANO10 c.799A>G
PARP9 c.1444A>G	TCCACGTTGAATCCCATCAGATTGA	AGGAGATCTAGCTTCAAGCCCATTT	CGGC	PARP9	77	TGGC	1441	1444	TGGC	1	0	PARP9 c.1444A>G
GLB1 c.1824G>C	TGATGGTGTTTGGGGCCGAGGTCAT	GGATGTGCTGGGGCACAAACAAGGT	GA	GLB1	78	CA	1823	1824	CA	1	0	GLB1 c.1824G>C
LMTK2 c.3852A>G	TCGTCGCTGTTTTCGTCCTCCTCGT	ATCCATCCCGTCCTCTGAGAGGTCG	CCGC	LMTK2	79	CTGC	3850	3853	CTGC	1	0	LMTK2 c.3852A>G
NCBP1 c.1428G>A	TAAATGCAGGTTGGGTTTGCAGGAC	GAGCTGAGAAGGTAGGAGGAACAAT	ATA	NCBP1	80	ACA	1427	1429	ACA	1	0	NCBP1 c.1428G>A
SPN c.879C>T	CGTCCACCACCCCGTTACGCTTGCC	CTGCTCAGCACGAGGGCCCCAGTCC	ACCT	SPN	81	GCCT	876	879	GCCT	1	0	SPN c.879C>T
HTT c.8157G>A	TCGCAGTTCTGTCAGCGTCACATAC	GCTCAAACTGGTTGCGCTCGGTGAA	ATTA	HTT	82	ATCA	8156	8159	ATCA	1	0	HTT c.8157G>A
CEP350 c.4336A>G	TCACAGATTTGACGTGCTGCGTCTG	GAGGCGAGCAGTTTCTGACTGCTGA	CGGT	CEP350	83	TGGT	4333	4336	TGGT	1	0	CEP350 c.4336A>G
USP24 c.4029A>G	TACTCCCAACAAGATCAAGCCGTCC	AGCCGCAGCCCATGACAATCTCATG	CGC	USP24	84	TGC	4027	4029	TGC	1	0	SUPT1_heterozygous|USP24|c.4029A>G
MCM10 c.2003A>G	GGTTTGTTTTTGTAAGAACCTGGCC	TGCCCTTAATTTGGTGATAGCAGCT	TCT	MCM10	85	TTT	2002	2004	TTT	1	0	SUPT1_heterozygous|MCM10|c.2003A>G
ERAP1 c.1540G>A	TTCATCATGGTTTTCACATCCACCC	TCCTGATGCCAATGTGAGGATGAAG	TT	ERAP1	86	CT	1539	1540	not_found	1	0	SUPT1_heterozygous|ERAP1|c.1540G>A
MADD c.1440T>C	TTGCAACATCCACAGAATCCACATC	TGCCATAGATGAGTGGGTTGAATTC	GT	MADD	87	AT	1439	1440	AT	1	0	MADD c.1440T>C
TRAPPC11 c.2370C>T	CATCCTGTCCTGGTTTTAAGCCAGC	GAGCTTCACATCTCTGATTTGGGTC	AGT	TRAPPC11	88	GGT	2368	2370	not_found	1	0	SUPT1_homozygous|TRAPPC11|c.2370C>T
QSOX2 c.376A>G	TAGTCATGGCACACGGCCTGGTTCT	TCTTCCATGCAGTCCAGAGCTGCGA	CC	QSOX2	89	TC	375	376	TC	1	0	QSOX2 c.376A>G
C15orf39 c.355G>C	AGTGGTGGGCCTGGGTAGGAGTGAG	TGGGGACTGAAGGGCAGGAGCTCAA	GC	C15orf39	90	CC	354	355	CC	1	0	SUPT1_homozygous|C15orf39|c.355G>C
FMR1 c.414G>A	TGTGCCGCCTCTTTGGCACACATTT	GTAAGTCTTCTGGCACATCCAGCTT	GTC	FMR1	91	GCC	413	415	not_found	1	0	SUPT1_homozygous|FMR1|c.414G>A
INSR c.1650G>A	ACCACCGTCCAACTGTTGGAACCAC	ATCCTGCCCGTCGAACTCCGTCACA	ATGC	INSR	92	ACGC	1648	1651	ACGC	1	0	INSR c.1650G>A
MON1A c.501T>C	CCTCAGACCCATAGCGGGAGTACAC	TCCCTGCCTCACTCAGCACAAAGAC	GGGCT	MON1A	93	AGGCT	497	501	AGGCT	1	0	MON1A c.501T>C
BCR	GCAAGTCATGGAGGACCAGCGTGCT	CCTCGTCACACGGTCCACAGGCTTG		BCR	94		[1957, 409]	[1956, 408]	not_found	1	0	BCR
ABL1	TCTTCCCGTGGACTGCAAGTCCCGA	GGCAGCGTGACTGACCTCCACTCCG		ABL1	95		[2268, 2211]	[2267, 2210]		1	0	ABL1
MSH6	CGACTATAGTTAGCCAGGCACAGTA	AAACATCCAACACTGCGATACACTC		MSH6	96		3179	3178	not_found	1	0	MSH6
PIK3CA	TCACATTGTCACATAAGGGTTCTCC	TCCATGGTAGATACCTGTTCGAACA		PIK3CA	97		1090	1089		1	0	PIK3CA
INPPL1	GAGCTGCAACAGCTGGCAGAAGGCC	TCCCGCTTCCGGGCACTGACAAAGA		INPPL1	98		[1206, 480]	[1205, 479]	not_found	1	0	INPPL1
BRAF	AACCTGTGGTTGATCCTCTGAACAC	TGGGCCAGGCTCAAAATCAAACACT		BRAF	99		1288	1287	not_found	1	0	BRAF
TP53	CTCTGGCATTCTGGGAGCTTCATCT	GGACCTGGGTCTTCAGTGAACCATT		TP53	100		[180, 63]	[179, 62]		1	0	TP53
SF3B1	TTCAGTTGCAGCAATTGATGTCACG	TATCCAGCAAATCTGCTGTCACTTC		SF3B1	101		162	161		1	0	SF3B1
EGFR	AAGGAATTCGCTCCACTGTGTTGAG	GGCAATGAGGACATAACCAGCCACC		EGFR	102		277	276		1	0	EGFR
NRAS	CCTCTATGGTGGGATCATATTCATC	TACAAAGTGGTTCTGGATTAGCTGG		NRAS	103		88	87		1	0	NRAS
U2AF1	CCGGGATCGGGATCTTGATCTATGC	TTCTTGCGACGGCGGCCATACAGCT		U2AF1	104		[357, 576]	[356, 575]	CTGCAACCAAGGAAAATAAA...	1	0	U2AF1
AR	ACCACACGGTCCATACAACTGGCCT	TCTTCGGCTGTGAAGAGAGTGTGCC		AR	105		1329	1328		1	0	AR
FGFR3	TCTCCATCTCAGACACCAGGTCCGA	CAGGTCCTTGTCAGTGGCATCGTCT		FGFR3	106		[1561, 1222]	[1560, 1221]		1	0	FGFR3
APC	TGGAATCTGAATCAGACGAAGCTTG	TCTAGATAAACATGCAGCAGCAGCA		APC	107		6379	6378		1	0	APC
CDKN2A	GTGTCCAGGAAGCCCTCCCGGGCAG	CGTCGTGCACGGGTCGGGTGAGAGT		CDKN2A	108		[254, 297]	[253, 296]	not_found	1	0	CDKN2A
CTNNB1	GCATGGTACGTACAATAGCAGACAC	CATCTGAGGAGAACGCATGATAGCG		CTNNB1	109		583	582		1	0	CTNNB1
GNAS	AAGTCAGGCACGTTCATCACACTCA	GGATGTAGTCCACTCTGAACTGGTT		GNAS	110		[1036, 1039, 218, 353, 350, 398, 395]	[1035, 1038, 217, 352, 349, 397, 394]		1	0	GNAS
SMAD4	TTATGAACAGCATCTCCAGGTGCAC	GCCCAGCTTCTCTGTCTAAGTAGTA		SMAD4	111		[1259, 971]	[1258, 970]		1	0	SMAD4
IDH2	TTGGTCATGGCTCCACTCTCCACCG	TCTCCACGCACACCTTCTCCAGCAT		IDH2	112		1214	1213		1	0	IDH2
XPO1	GGCCATAGTACTAAGCACTTCTGGT	TCTCTAGCAGCTGGGACATTTCTCT		XPO1	113		2391	2390		1	0	XPO1
ERBB2	CAGGTTTCCCTGCACCACCTGGCAG	CCCTGGTAGAGGTGGCGGAGCATGT		ERBB2	114		[66, 156]	[65, 155]		1	0	ERBB2
PTEN	TGGCGGGGCTTCTTCTGCAGGATGG	AAATGGCTCTGGACTTGGCGGTAGC		PTEN	115		-79	-80		1	0	PTEN
ARFGEF2	TGTCGGCTAGGATCTTCTCCAGGGC	CCGGGACACGAACATGCTCTTGGTC		ARFGEF2	116		40	39		1	0	ARFGEF2
MGA	GTACTCTTAGTGGGAAGCTGGTACA	CCACAGGAGATGTGGGAGCATTAGA		MGA	117		2561	2560		1	0	MGA
TTF2	TTGACAGAGCCATCGATGGTGGCAT	AAGTCAGTCCATGCTTCTTCAGGTG		TTF2	118		3107	3106		1	0	TTF2
LATS1	CCAATCACACAACTGTGTGTATCCT	GTTCGTAGCAACACTTCAGGTGCAA		LATS1	119		2775	2774	AAAATAACAAAGTTATTTAT...	1	0	LATS1
ZKSCAN5	GTCTCAAACGTTGGCGGGTTGTACT	CCTGCATCCAGGTGCAGTCTTCTTC		ZKSCAN5	120		119	118		1	0	ZKSCAN5
MFSD12	TGGCCACCACGGTGAACGCATACCT	GAGTGCCGTGAGCTCCACCTTCTCA		MFSD12	121		508	507	GGCGGGCAGGCGGGCAGGGA...	1	0	MFSD12
SLC23A2	CTGGCGACCACGGCACTGAGCATGC	CGATGACACCGGCCGCAGACACGGT		SLC23A2	122		1145	1144		1	0	SLC23A2
MKI67	GCTTGTTGGAGTGTCCACTGATTCT	GGTGGTGGAGATTTGCAGGCTATTT		MKI67	123		[5244, 6324]	[2321, 3401]		1	0	MKI67
TAF1B	GTCCATGGAAACACGTTCTATCAGT	GTCCTCTTCAGTCCAGTTGAACTGA		TAF1B	124		1450	1449		1	0	TAF1B
SETD5	TAGAATGTAGGTGTTGTTCAAGCGC	GTTCTGTACATCTGCACTGTACTGA		SETD5	125		[694, 751]	[693, 750]		1	0	SETD5
KIF20B	AAAACTGAATTTCTGTGCCATCTGC	CCTGAGCTTTTTTCACTTAACCGAC		KIF20B	126		321	320		1	0	KIF20B
SACS	CCTTCCTCACAGGTGTTGTGCCAGA	GGCAGCTGTGAGCTGAACAGCAGCA		SACS	127		1852	1851		1	0	SACS
PLCB3	CAGCTGTTGCAGGACCTGCTGCTGC	CCAGCCACAAGACGGTCATGCCGCT		PLCB3	128		[3459, 3258]	[3458, 3257]		1	0	PLCB3
COX10	AACAGTCTCCGCGAGCTCCTGCGGT	CTGCGTCCACGTAGAAGCGGAAGCC		COX10	129		1211	1210		1	0	COX10
SLC39A11	AGCCAAGACTTCCATCTAAGATCCG	CCTCTGTCCACTAGAGAATACGAAC		SLC39A11	130		112	111	not_found	1	0	SLC39A11
MDN1	TCAGGAGACACCTTCTGATGATGCA	GCAAGGACCACAGATCTCGAAGCTC		MDN1	131		8984	8983	not_found	1	0	MDN1
ZNF609	TTGGGAGCAATAGCAGCAACCAGGC	CTCCAGCATTGGCACCATCTCCTGA		ZNF609	132		398	397		1	0	ZNF609
RNF216	TCATCTTCAGTGGGATCGGTCCAGA	GAGAGCATCTTGAACACTCCTGGCA		RNF216	133		[2366, 2195]	[2365, 2194]	not_found	1	0	RNF216
BRD9	CTTCCTTCTTTCCTCATCGTCCAGA	TGCTTCTCCTTCTCGGACTTCTTCT		BRD9	134		[237, 83]	[236, 82]		1	0	BRD9
TBC1D13	TGGGCAGCACCTCATACTCATTTAG	GGATGATGGCACAGAGTTCTTGTGT		TBC1D13	135		580	579		1	0	TBC1D13
TTC19	TGCTCCTCCTCCTCTGCCGCAGCGG	GCCTCGAGAACCAGGCGAGCGCTGC		TTC19	136		206	205		1	0	TTC19
CCDC88C	ACCAGCGGGCTCTGCAGGAAGAGCT	CCAGGAGCTCCGAGACTGTCACGTC		CCDC88C	137		29	28		1	0	CCDC88C
ARID4A	AGTTGTCCCTCTCTTCAGGATCAAG	TTCTTCCTCAGGCACCTCTTCTTCT		ARID4A	138		919	918	not_found	1	0	ARID4A
COPG1	ATGATGTCTACTGGCAGCTCCTCCA	AACTTCTGGCTGTCACCTGCATTGT		COPG1	139		2582	2581		1	0	COPG1
AKAP9	TTCTCAGACACTGTATCACTGCCTT	CAAGGTACCACATTCCTCTTTCAGT		AKAP9	140		[8614, 3259]	[8613, 3258]		1	0	AKAP9
KMT2C	TGGTCGTTATCCATGCGGAACATGT	ACACACCACGGTTCTGAGACTCATA		KMT2C	141		[10247, 14474]	[10246, 14473]	not_found	1	0	KMT2C
SBNO1	ACATACTCAGGAGCAGTAACTTGGT	TTGATCTATGAGTACGTCCGAACTG		SBNO1	142		[2951, 2954]	[2950, 2953]	not_found	1	0	SBNO1
ANO10	TTCAGGTTCTCGGTCACGAGCTTCA	TTTGCTGCTGCTTGAGTGCCTCCAA		ANO10	143		[1919, 1349]	[1918, 1348]	not_found	1	0	ANO10
PARP9	CATTGGCTGCATTCACCACAGCATC	AACAGCATGTGTGGTGAGGTCATCT		PARP9	144		[292, 397]	[291, 396]		1	0	PARP9
GLB1	TGTCCACAGCTGCCAGGTAATCTGG	GTCGGAGGAGCGGAGAAGAATAGAC		GLB1	145		454	453	AAAACAAGAAAAGTTTAACA...	1	0	GLB1
LMTK2	CTCCAGGAGGCTGTCCTGACTGGTT	GAGTCCGAGGAGAGGGCAGACACCA		LMTK2	146		2916	2915		1	0	LMTK2
NCBP1	ACACAGGATGCTGTCAAAGGCAAGA	TAAGGTCTTAGGATGTGCCGTTCCT		NCBP1	147		759	758		1	0	NCBP1
SPN	GAGAGCTAGCTGCCGTGGTAACAGG	GGCTCCACTGGTCCTACTGGAGGTT		SPN	148		448	447		1	0	SPN
HTT	CAGCAGAGTGGAGTGTTCATCCTCG	ACAGGAACGAGTAAGCCTAAGAGCA		HTT	149		906	905	not_found	1	0	HTT
CEP350	GAGTTCCTTGGATTTGGTAAAGGCA	CCTCTTTTGATTTGCTGCTCCTCAT		CEP350	150		26	25		1	0	CEP350
USP24	TACGGTCACAGTATTGTGCTTGGTC	TATGTTGCCTTCCAGTGCAATCGAC		USP24	151		1351	1350	not_found	1	0	USP24
MCM10	GTATAGGCGCACGTCTTGCATGTCA	CGACACGGCACTTCACTTCTCTGAT		MCM10	152		[2339, 2342]	[2338, 2341]	not_found	1	0	MCM10
ERAP1	TGACTATGCAGGATGATGGTGCTGG	TGGGCTGACTGGCTGTGATTTCTAC		ERAP1	153		269	268		1	0	ERAP1
MADD	GTCAATCTCCACCTCGCTGGCATCC	CCCAGTGCTGCATGTGTCAGAGGGT		MADD	154		1998	1997		1	0	MADD
TRAPPC11	AGTCTCCAACAGGAATGTCAGTGAG	TAAAGCCGGGTAGGATTCATCACAC		TRAPPC11	155		[2467, 1285]	[2466, 1284]		1	0	TRAPPC11
QSOX2	TTGTCGCGGCCATAGTGCTGCTTCA	AGAATGTGAGCACGTGGCCTTCATC		QSOX2	156		1673	1672		1	0	QSOX2
C15orf39	AAGGCCACAGAGCTGTGGAAGTTGG	TCCTTGGCATGGCATCTGTGGTCAC		C15orf39	157		1922	1921		1	0	C15orf39
FMR1	CTGGTTACGATCTTTACCCGTGCGC	AGCCGACTACCTTCACTGGAGGTAT		FMR1	158		[1815, 1677, 1695]	[1814, 1676, 1694]		1	0	FMR1
INSR	GTGAAGTGTCGCAAGCCGGAGATGA	CCAGCGACTCCTTGTTCACCACCTT		INSR	159		[2387, 2423]	[2386, 2422]		1	0	INSR
MON1A	TGAGAATGAAGAGGCGGTCTTCCTC	TTTGCGGATCCAGCGCATCAGCTTA		MON1A	160		[1627, 1141]	[1626, 1140]		1	0	MON1A
JAK2 c.1849G>T	TGAACCAGAATATTCTCGTCTCCACAGA	ATACTCCATAATTTAAAACCAAATGCTTGTGAGAAAGCTTGCTC	AAC	JAK2	161	CAC	1847	1849	not_found	1	0	JAK2 c.1849G>T
JAK2	ATAGAAGAGGTGGATGTTCCCTCCA	TTTCTGTCATCGTAAGGCAGGCCAT		JAK2	162		32	31		1	0	JAK2
