sample,name,mutation_freq
BC003_1,JAK2 c.1849G>T,0.78
BC003_1,TET2 c.4537+3A>T,0.029
BC003_1,TET2 c.5618T>C,0.29
BC003_1,TP53 c.524G>A,0.336
BC003_1,NFE2 c.714_716delinsAA,0.015
BC009_1,IDH2 c.419G>A,0.435
BC009_1,ASXL1 c.4183C>G,0.499
BC009_1,JAK2 c.1849G>T,0.89
BC010_1,JAK2 c.1849G>T,0.51
BC010_1,TP53 c.321C>G,0.972
BC007_1,TP53 c.920-1G>A,0.187
BC007_1,CALR c.1150_1154delinsTGTC,0.613
BC007_1,TP53 c.818G>A,0.473
BC007_1,EZH2 c.2054G>A,0.182
BC007_1,ZRSR2 c.883C>T,0.108
BC007_1,TP53 c.659A>G,0.01
BC004_1,JAK2 c.1849G>T,0.75
BC004_1,SRSF2 c.284C>G,0.504
BC004_1,ASXL1 c.2081_2099dup,0.462
BC004_1,DNMT3A c.2644C>T,0.497
BC001_1,PPM1D c.1639del,0.11
BC001_1,CALR c.1155_1156insTTGTC,0.33
BC001_1,TP53 c.536A>G,0.013
BC001_1,TP53 c.721T>C,0.014
BC001_1,SETD2 c.4702A>G,0.222
BC001_1,TP53 c.742C>T,0.03
BC001_1,PPM1D c.1636dup,0.023
BC013_1,RRAS c.116G>T,0.467
BC013_1,JAK2 c.1849G>T,0.92
BC011_1,TP53 c.613T>C,0.005
BC011_1,JAK2 c.1849G>T,0.54
BC011_1,TP53 c.455dupC,0.266
BC011_1,NRAS c.35G>A,0.015
BC011_1,TP53 c.78delT,0.019
BC014_1,JAK2 c.1849G>T,0.21
BC014_1,DNMT3A c.2645G>A,0.33
BC015_1,JAK2 c.1849G>T,0.93
BC015_1,ASXL1 c.2407C>T,0.472
BC008_1,PPM1D c.1547C>A,0.05
BC008_1,TP53 c.536A>G,0.014
BC008_1,JAK2 c.1849G>T,0.54
BC008_1,TP53 c.393_395del,0.023
BC008_1,TP53 c.731G>A,0.019
BC012_1,ASXL1 c.1934dupG,0.057
BC012_1,JAK2 c.3188G>A,0.956
BC012_1,JAK2 c.1849G>T,0.91
BC012_1,ASXL1 c.2246_2247insGG,0.347
BC012_1,JAK2 c.839C>T,0.022
BC012_1,ASXL1 c.1815C>A,0.021
BC002_1,ASXL1 c.1249C>T,0.145
BC002_1,SRSF2 c.161C>T,0.036
BC002_1,TP53 c.376-2A>G,0.076
BC002_1,JAK2 c.1849G>T,0.49
BC002_1,SH2B3 c.894G>A,0.083
BC002_1,TP53 c.535C>T,0.012
BC005_1,TP53 c.527G>A,0.356
BC005_1,IDH2 c.418C>T,0.25
BC005_1,SRSF2 c.284_307del,0.297
BC005_1,GATA2 c.1192C>T,0.112
BC005_1,JAK2 c.1849G>T,0.1
BC005_1,TP53 c.733G>A,0.109
BC006_1,TP53 c.725G>A,0.06
BC006_1,JAK2 c.1849G>T,0.56
BC006_1,SH2B3 c.1527del,0.496
BC006_1,TP53 c.830G>A,0.381
BC006_1,ASXL1 c.1900A>T,0.126
BC006_1,U2AF1 c.470A>C,0.423
BC016_2,ASXL1 c.1934dupG,0.422
BC016_2,JAK2 c.1849G>T,0.96
BC016_2,EZH2 c.2064T>A,0.41
BC016_2,NRAS c.35G>A,0
BC001_2,JAK2 c.1849G>T,0.22
BC001_2,TP53 c.659A>G,0.218
BC001_2,SH2B3 c.1033G>A,0.012
BC005_2,ASXL1 c.1636C>T,0.44
BC005_2,JAK2 c.1849G>T,0.69
BC005_2,TET2 c.4546C>T,0
BC005_2,NRAS c.35G>A,0
BC003_2,JAK2 c.1849G>T,0.86
BC003_2,TP53 c.523C>G,0.022
BC003_2,EZH2 c.453_455del,0.31
BC003_2,TET2 c.4021dupG,0.355
BC003_2,NFE2 c.190_194del,0.035
BC006_2,SETBP1 c.2602G>A,0.416
BC006_2,JAK2 c.1849G>T,0.96
BC006_2,ASXL1 c.2535del,0.46
BC006_2,HRAS c.26_28del,0.005
BC006_2,DNMT3A c.2644C>T,0.485
BC007_2,JAK2 c.1849G>T,0.68
BC008_2,MPL c.1771T>G,0.184
BC008_2,IDH1 c.395G>A,0.219
BC008_2,JAK2 c.1849G>T,0.6
BC010_2,JAK2 c.1849G>T,0.86
BC010_2,IDH2 c.419G>A,0.028
BC010_2,IDH1 c.395G>A,0.034
BC010_2,TET2 c.4537+2T>G,0.267
BC011_2,JAK2 c.1849G>T,0.93
BC011_2,JAK2 c.731A>G,0.961
BC011_2,SF3B1 c.1998G>T,0.452
BC011_2,JAK2 c.892T>C,0.009
BC014_2,TET2 c.2790_2791del,0.386
BC014_2,NFE2 c.137dupC,0.079
BC014_2,NFE2 c.817C>T,0.037
BC014_2,JAK2 c.1849G>T,0.5
BC014_2,NFE2 c.115-1G>A,0.18
BC014_2,NFE2 c.782_785del,0.017
BC014_2,SF3B1 c.2098A>G,0.385
BC012_2,JAK2 c.1849G>T,0.43
BC012_2,ASXL1 c.3218G>A,0.011
BC012_2,CBL c.1259G>A,0.048
BC013_2,KRAS c.173C>T,0.029
BC013_2,TET2 c.685dupA,0.1
BC013_2,ZRSR2 c.884G>C,0.016
BC013_2,TET2 c.4249G>T,0.04
BC013_2,JAK2 c.1849G>T,0.95
BC013_2,TET2 c.2439_2440insA,0.024
BC013_2,IDH2 c.419G>A,0.042
BC004_2,MPL c.1771T>G,0.771
BC004_2,IDH1 c.394C>T,0.077
BC004_2,JAK2 c.1849G>T,0.01
BC004_2,RUNX1 c.1103dupC,0.084
BC004_2,TET2 c.2908dupA,0.378
BC004_2,PTPN11 c.1508G>A,0.296
BC004_2,SRSF2 c.284C>A,0.399
BC002_2,JAK2 c.1849G>T,0.52
BC002_2,DNMT3A c.2695C>T,0.15
BC002_2,NFE2 c.817C>T,0.26
BC002_2,PPM1D c.1338del,0.14
BC009_2,JAK2 c.1849G>T,0.6
BC009_2,SH2B3 c.926G>A,0.01
BC001_4plex,JAK2 c.1849G>T,0.52
BC001_4plex,ASXL1 c.1934dupG,0.18
BC002_4plex,JAK2 c.1849G>T,0.39
BC002_4plex,ASXL1 c.1934dupG,0.36
BC002_4plex,IDH2 c.419G>A,0.36
BC002_4plex,U2AF1 c.470A>G,0.41
BC003_4plex,JAK2 c.1849G>T,0.64
BC003_4plex,ASXL1 c.1934dupG,0.26
BC003_4plex,TET2 c.685dupA,0.32
BC003_4plex,TET2 c.5188del,0.02
BC004_4plex,JAK2 c.1849G>T,0.73
BC004_4plex,ASXL1 c.1900_1922del,0.05
BC004_4plex,MPL c.1811T>A,0.013
BC004_4plex,CHEK2 c.367T>C,0.015
BC004_4plex,TET2 c.3532G>A,0.35
BC001_1plex,JAK2 c.1849G>T,0.8