name	lhs_probe	rhs_probe	nonmutated_lhs_probe	nonmutated_rhs_probe	gap_probe_sequence	original_gap_probe_sequence	gene	index
JAK2 c.1849G>T	TGAACCAGAATATTCTCGTCTCCACAGA	ATACTCCATAATTTAAAACCAAATGCTTGTGAGAAAGCTTGCTC			AAC	CAC		0
IDH2 c.419G>A	GGAAGACAGTCCCCCCCAGGATGTT	AGTTCCATTGGGACTTTTCCACATC			CTGGAT	CCGGAT		1
NRAS c.35G>A	TTGTCAGTGCGCTTTTCCCAACACC	GCTCCAACCACCACCAGTTTGTACT			ATCT	ACCT		2
TP53 c.659A>G	GTCAGAGCCAACCTCAGGCGGCTCA	GGGCACCACCACACTATGTCGAAAA			CA	TA		3
TP53 c.536A>G	GACCATCGCTATCTGAGCAGCGCTC	GTGGGGGCAGCGCCTCACAACCTCC			ACG	ATG		4
IDH1 c.395G>A	CTCTGTATTGATCCCCATAAGCATG	CCTATGATGATAGGTTTTACCCATC			ATGA	ACGA		5
DNMT3A c.2644C>T	GCCCAGCAGTCTCTGCCTCGCCAAG	CATGTTGGAGACGTCAGTATAGTGG			CAGCT	CGGCT		6
ASXL1 c.1934dupG	ATCGGTGGCCCCGCCGCCACCTCCACCCGGGCCA	CCCCCTCCGATGGCAGTGGTGGCC			CCGGGCCACC	CCC		7
MPL c.1771T>G	CAGGCAAGAAGGCTGCAATCTTCGG	CCATCTGGGCCTGGGAGGAACACAG			TCGT	TAGT		8
PPM1D c.1636_1639	TAAGCCATTTCGTCTATGCTTCTTC	GGGCCAGAATTGGACTCTTCTAATG			ATCAGG	ATCAGG		9
SH2B3 c.894G>A	CCTGTGCACTCCGAGAGCTCAGCCA	TGAATTCAGCTGCTGCTCGTCTCCC			TTCA	TCCA		10
JAK2 c.892T>C	ACTTTCTTTATGTTTCCCTCTTGAC	GAATTCCACCGTTTCCAGTTATTAT			CGCT	CACT		11
ZRSR2 c.884G>C	ACGGGGCAGAATTCACACTGCAGCT	CCTGCATACCATCGTCCGTTAAACA			GTGGT	GTCGT		12
TP53 c.830G>A	TTCCTCTGTGCGCCGGTCTCTCCCA	GGCACAAACACGCACCTCAAAGCTG			GGATA	GGACA		13
NFE2 c.817C>T	CTGGGCTGCCACCTTGTTTTTGCCC	CGTCGGATGTCCCGGACTAGCGCTA			CAT	CGT		14
TP53 c.78delT	AAGGGGGACAGAACGTTGTTTTCAG	TCCATAGGTCTGAAAATGTTTCCTG			GAGTAGTT	GAAGTAGTT		15
TP53 c.742C>T	TGTGATGATGGTGAGGATGGGCCTC	TCATGCCGCCCATGCAGGAACTGTT			CAGT	CGGT		16
JAK2 c.731A>G	ACTTAAGTTTCAAGTTTCTGGCAGT	GCATTGGCTGAATTGCTGAATAAAT			GGCTCT	GGCTTT		17
TET2 c.685dupA	ACAATCTGGATAATATTGAGACAGT	TTTTCCAGGAGTTCACCATGTGTGT			GTTT	GTT		18
TET2 c.5618T>C	CATGCAGCTCACGCTTTGCACACTC	GAGAATTGACCCATGAGTTGGAGCC			AGT	AAT		19
U2AF1 c.470A>C	CCTCGTGTGCATTCTCCCATCTCAT	ACGGCAGCAGGCTTCTCTGAAGTCC			ACGG	ACTG		20
SETD2 c.4702A>G	GACAAAGGTGTTCGAAGGAAGGTCT	AGCTCTCAAGCCCCAGCCTTTCTTT			TCGGC	TTGGC		21
TP53 c.455dupC	TGGCCATGGCGCGGACGCGGGTGCC	GGGTGTGGAATCAACCCACAGCTGC			GGGCGGG	GGGCGG		22
EZH2 c.453_455del	TATCCCCGTGTACTTTCCCATCATA	TAGTTCTTCAATGAAAGTACCATCC			ATTTAT	ATTTTTTAT		23
TET2 c.4249G>T	GTCAGAGACTTTGTATAAAGGCAGA	GAAGCTGCTCATCCTCAGGTTTTCC			AAGT	ACGT		24
ASXL1 c.4183C>G	AAGGGCATCCCTTCCAAGTGACCCA	TCCAGGGGACTATGCCCAGTAGCTT			CCACT	CCAGT		25
TET2 c.4021dupG	AATCTGATTATTATATGCATCAGGT	AGTTTCTTATATGTTGGTGCCATAA			GCCA	GCA		26
TP53 c.393_395del	GCAGGTCTTGGCCAGTTGGCAAAAC	TGAGGGCAGGGGAGTACGTGCAAGT			ATCT	ATCTTGT		27
TP53 c.321C>G	GAATGCAAGAAGCCCAGACGGAAAC	AGCTGCCCTGGTAGGTTTTCTGGGA			CCT	CGT		28
TET2 c.3218G>A	TCTAAAGCTGGGGTGTGGCTATCAA	TGCAGCAGTGGTTTGTCTAGTCAAA			GTTC	GTTC		29
JAK2 c.3187_3189	TGTCCTTGTTTGTCATTGCCAATCA	ATAAATTCCGCTGGTGGACTTTTAC			TACGC	TACGC		30
TET2 c.2908dupA	GTGCATCTGACTATGGCAAGACTCA	TGGGGTTGCTGTGTTTGCTGCTGTT			GTTT	GTT		31
SRSF2 c.284_307del	CCCGTACCTGCGGGGTGGCGGTCCC	GGCCGTAGCGCGCCATTTGCACCCG			CGGC	CGGCGGCTGTGGTGTGAGTCCGGGGGGC		32
TET2 c.2790_2791del	CTGAGTGTGACTTCCTCCCTGGTCA	CAGGAAAAACATTTGCATGGTTATG			GA	GGCA		33
HRAS c.26_28del	ATGGTCAGCGCACTCTTGCCCACAC	CCACCACCAGCTTATATTCCGTCAT			CGCCGGCGC	CGCCGGCGCCCA		34
SETBP1 c.2602G>A	GTTGTTGTCTGTCCCAATGCCGCTG	TGGGGATCGTCTCCTCACTGTGGGA			TTGC	TCGC		35
ASXL1 c.2535del	AGTCGGTGAGGATTCAGGTGTGGAA	GGGTCACATTTACAGGATCCTTCAT			CTG	CTGG		36
TET2 c.2439_2440insA	GGTCTGACTATAAGGGGAATTTCTA	TTATATTCTGTACTTCCTCCAGTCC			CGATT	CGAT		37
ASXL1 c.2407C>T	ATTGTCTGCAGGAACGGTGGGTCCT	CCTCATCATCACTTTCCCAGGAAGT			TACT	TGCT		38
ASXL1 c.2245_2246insGG	ATGGCTGGTCCCCAGTGGGAGCAAC	TGGGAGGCATCTCCTAGCCCATCTG			GGGGAGCCT	GGGGAGT		39
SF3B1 c.2098A>G	ATGGCCAAAGCACTGATGGTCCGAA	GCTGCTCATCCACAAGACCATGTTC			CTTCCT	CTTTCT		40
EZH2 c.2064T>A	GCATAGCAGTTTGGATTTACCGAAT	GCAAAACGAATTTTGTTACCCTTGC			GTTTT	GATTT		41
SF3B1 c.1998G>T	CATAAGAATAGCTATCTGTTGTACA	TAATACCAGTGTGTCTCGCTTGCCA			ATAT	ATCT		42
NFE2 c.190_194del	GAATCTGGGTGGATTGAGCAGGGGC	GTGGGTGGTGGAGGTCCAAGGTATG			AGT	AGTAAGTT		43
ASXL1 c.1815C>A	AGGGTCCTGGCGCCAGTCCAACCCC	GGAGGACTCCGTGGTGGGGATGATC			GTCA	GGCA		44
KRAS c.173C>T	ATTGCACTGTACTCCTCTTGACCTG	GTCGAGAATATCCAAGAGACAGGTT			CTAT	CTGT		45
ASXL1 c.1636C>T	ACTTTCAATTGTGTTACGAAAGGAC	CGATCTTCAAGCCGGGGCTTCTTTT			TAA	TGA		46
SRSF2 c.161C>T	GAAAGCGAACGAAGGCGAAGCCGCG	TCCTTGGTGTAGCGGTCCCGCGGGA			GAAC	GGAC		47
PPM1D c.1547C>A	AATTTCTTGGGCTTTCATTTGGCCA	TCTTCAAATTTTTTTGGTCCATGAC			GGAGTTTACA	GGAGTTGACA		48
SH2B3 c.1527del	ATCGCCCTGGGAGACCCTCTGGGCT	CCCGGGGACAGCCAGAAGAACTAAG			GAGC	GAGCC		49
PTPN11 c.1508G>A	CGGTACTGTGCTTCTGTCTGGACCA	TGACCTCTGAGACCGCACCATCTGG			TCTC	TCCC		50
CBL c.1259G>A	TGGGTTCAGTACCTTTAATTTCACA	AGAAAGGACAGCCCTGACCTTCTGA			TTGGC	TCGGC		51
ASXL1 c.1249C>T	GTACAGATTCCTTCTGGCTCTGGTT	GATCTGGCCGAGAGCGTTTCTTAAA			CAGA	CGGA		52
GATA2 c.1192C>T	TTCTTGGACTTGTTGGACATCTTCC	TCCGAGTCTGGATCCCTTCCTTCTT			AGT	GGT		53
RRAS c.116G>T	GGATGGTCAGCGCGCTCTTGCCCAC	CCGCCGCCCACGACCACCAGCTTGT			GACG	GCCG		54
CALR c.1154_1155insTTGTC	TCCTCATCTTTGTCCTCATCATCCT	GTCCTCTGCCTCCTCCTCCTCTTTG			CCTGACAAT	CCTT		55
RUNX1 c.1103dupC	GGTAGGAGGGCGAGCTGGCTTGGAA	TCCCTGCGCTTGCGACGAGCCGGGG			CGGGGCC	CGGGCC		56
SH2B3 c.1033G>A	TCTTCTGGCAGGCCGGGTCCAGCAG	GGAGAAGCACCTTGGTTAAGGGAAT			CCCCCTA	CCCCCCA		57
ASXL1 0bp	ACTGCAGGGCATCCTTCTTGAGCGT	GAAAAGGCTGATTCGGCCAGGCAGT						58
ASXL1 c.2081_2099dup	ATTTAGAGGATAAGGCGGCAGTAGT	TGTGTAAGGCGGCAGTAGTTGTGTT		TGTGTTCGCTGTAGATCTGACGTAC				59
CALR 0bp	GTAGACGGCAGGCTCGGCGACGGCC	AGGCCGAGGAGGCCGAGCAGCAGCG						60
CBL 0bp	CCGAACCCGAGCCCCCGGAGCCGCT	GCCGCCCCCGGCCCCAGAGCTCTTC						61
DNMT3A 0bp	CCTTCCGTGCCGTGGTGCTGGGCTC	TTGGCGCTCCTCCTTGCCACGCGGC						62
EZH2 0bp	GTTCTTTCCAAAATTTTCTGACGAT	TGGAACTAAACATACTCTTTACTTC						63
GATA2 0bp	CGCATTCAGCACGGCCGGGTGCGCC	ATCCAGCGCGGCTGCTCGGGCGCCA						64
HRAS 0bp	TCCTCTATAGTGGGGTCGTATTCGT	CCACAAAATGGTTCTGGATCAGCTG						65
IDH1 0bp	TTTCATCTCCTTGCATCTCTACCAC	AGAACCGCCACTGATTTTTTTGGAC						66
IDH2 0bp	AGGCCGGCCGCGAGCCTGAGGCTCT	GCAGAGCGAGCGCACGACCCGCAGG						67
JAK2 0bp	TAGAAGAGGTGGATGTTCCCTCCAT	TTCTGTCATCGTAAGGCAGGCCATT						68
KRAS 0bp	GCTGTATCGTCAAGGCACTCTTGCC	TACGCCACCAGCTCCAACTACCACA						69
MPL 0bp	GCCAGCAAGGAGACATCTTGGCTGC	TGACTTGGGCCAGGTTTTGAGGGGC						70
NFE2 0bp	ATGGGATGTGGATGCTGGGAGCTCA	TAAGGTGGTGGAGGAAGTGGGAAGC						71
NRAS 0bp	CCTCTATGGTGGGATCATATTCATC	TACAAAGTGGTTCTGGATTAGCTGG						72
PPM1D 0bp	ACCGCCGCGGCGAGGGCTTTTCTTC	AGCCGTCGGTTCGGGCTCCACAACG						73
PTPN11 0bp	CTTGTCAACAGTAGGTTTTCTGCCT	CCACACCAGTGATATTTGGGTGAAA						74
RRAS 0bp	AAGCCGTGGCCAGCACGCATGTACT	GCTCTCTCATGGCCCCGAACTCTTC						75
RUNX1 0bp	ACCTCCACCATGCTGCGGTCGCCGC	TCCTCAGCTTGCCGGCCAGGGCAGC						76
SETBP1 0bp	CAGGAAGTCTGACTCGCCCCCTCTT	TGCCGGGAGCTGCTTAAGGTTTCCC						77
SETD2 0bp	TCTTCTTCTTCAGGGGTCGGGTGCT	CCGGGTCGTAGAAATCCCCCATCTT						78
SF3B1 0bp	GCCTTGAATTTCTCGAATCTGTGCT	TCAATATCTTCGTGAGTCTTGGCGA						79
SH2B3 0bp	GTGCTGCGGATGCTCCCGGGCGAAC	AGCCAGTACTGGCGGGCCAGCTCCC						80
SRSF2 0bp	CGCCCGTACTTCTCGAAGACGCGCC	TCAGCGTGTCGGGCGAGGTGCGGTA						81
TET2 0bp	GAGGTGATGGTATCAGGAATGGACT	TAGTCTGTTGCCCTCAACATGGTTG						82
TP53 0bp	CTGGGTCTTCAGTGAACCATTGTTC	AATATCGTCCGGGGACAGCATCAAA						83
U2AF1 0bp	GTTTATTGTGCAACCGAGAGCACCT	GTCTCCATGACGACATGCTCCAATT						84
ZRSR2 0bp	CGAGCAAGTTCCTGCCGACGTTTCT	TTCGTTTCTCCTTCTTCAGGGCGGC						85
NFE2 c.115-1G>A	GATGGCTCACTTGGAGCATTCAGAC	GCAAGGAAAGACACAAAGAGATTTG			CTT	CCT		86
NFE2 c.113_115	GATGGCTCACTTGGAGCATTCAGAC	GCAGCTCGGTGATGGACATGATCTC			CTT	CCT		87
TET2 c.4537+2T>G	CACATTTATCTACAAATGCTTTACATTAAAT	TGCCAACTGTTTAGCCTGGCTTGCG			TTCCC	TTACC		88
TET2 c.4537_4539	TGACTGGTCCTGAAAGTCGCAAAAG	TGCCAACTGTTTAGCCTGGCTTGCG				TTC		89
TET2 c.4537+3A>T	CACATTTATCTACAAATGCTTTACATTAAAT	TGCCAACTGTTTAGCCTGGCTTGCG			TAACC	TTACC		90
TP53 c.920-1G>A	AGAGGAGCTGGTGTTGTTGGGCAGT	AGGAAAGAGGCAAGGAAAGGTGATA			GTT	GCT		91
TP53 c.919_920	AGAGGAGCTGGTGTTGTTGGGCAGT	TCGCTTAGTGCTCCCTGGGGGCAGC			GTT	GC		92
NFE2 c.782_785del	GCTGGCTGTCAGCGGGTACCTTGCC	AATAGCTCATTAAAGTCATCTACCG	GCTCTCTGTCAGCGGGTACCTTGCC					93
SH2B3 c.926G>A_extra	CATCTCTGCTTCTGTGCTCTCCAGC	TCGGCCTGTGCACTCCGAGAGCTCA			TC	CC		2
NFE2 c.782_785del	GCTCTCTGTCAGCGGGTACCTTGCC	AATAGCTCATTAAAGTCATCTACCG	GCTCTCTGTCAGCGGGTACCTTGCC					93
ASXL1 c.2081_2099dup	ATTTAGAGGATAAGGCGGCAGTAGT	TGTGTTCGCTGTAGATCTGACGTAC		TGTGTTCGCTGTAGATCTGACGTAC				59
