name	lhs_probe	rhs_probe	gap_probe_sequence	gene	index	gapfill_from_transcriptome	gapfill_start	gapfill_end	gapfill_from_genome	overlaps_within_set	overlaps_with_flex
ASXL1 c.1772dup	TGGGGATGATCCGGGGGCATATCTG	TGGGCTGACCTTTAACCACCCAGGG	GTAAG	ASXL1	0	GTAAG	1754	1758	GTAAG	1	0
ASXL1 c.1934dupG	ATCGGTGGCCCCGCCGCCACCTCCACCCGGGCCA	CCCCCTCCGATGGCAGTGGTGGCC	CCGGGCCACC	ASXL1	1	CCC	1932	1934	CCC	1	0
ASXL1 c.2199_2200insTAG	TAGCCCATCTGTGAGTCCAACTGTA	GTAGTAGGCAGCTTTCCTCCTTTCT	GCCCTCCTAT	ASXL1	2	GCCCTCT	2198	2204	GCCCTCT	1	0
ASXL1 c.2468T>G	TCAAGAGCTTGGCCAGTTCCTTTCT	GTATCATCTCCCACTAGAGACGGAA	CTCAT	ASXL1	3	CTAAT	2466	2470	CTAAT	1	0
ASXL1 c.2572C>T	AGCCCTAATTCGTCATCAAATGCTC	AGGCAATCAGTCGGTGAGGATTCAG	TGTTCTAC	ASXL1	4	TGTTCTGC	2571	2578	TGTTCTGC	1	0
CALR c.1099_1150del	TCCTCATCTTTGTCCTCATCATCCT	TCTGCTCCTCGTCCTGTTTGTCCTT	CCTTGTCC	CALR	5	CCTTGTCCTCTGCCTCCTCCTCCTCTTTGCGTTTCTTGTCTTCTTCCTCCTCCTTAAGCC	1097	1156	CCTTGTCCTCTGCCTCCTCC...	2	0
CALR c.1154_1155insTTGTC	TCCTCATCTTTGTCCTCATCATCCT	GTCCTCTGCCTCCTCCTCCTCTTTG	CCTGACAAT	CALR	6	CCTT	1153	1156	CCTT	2	0
CBL c.1111T>C	TTGGAATGTGGAGCCCATCTCACAG	TTCATATTGTTCCTGGGTCACTTTG	TGTAA	CBL	7	TATAA	1108	1112	not_found	1	0
CBL c.1211G>A	CTTCTGATTCCTGCCAGGATGTAAG	GGATGTGCACATGAGGTGTCCACAG	ATA	CBL	8	ACA	1210	1212	not_found	1	0
CBL c.1298C>T	GGCTGCCACTCCCTCTAGGATCAAA	CTACCACGATGGGTTCAGTACCTTT	CAGAT	CBL	9	CGGAT	1295	1299	CGGAT	1	0
CHEK2 c.367T>C 	TTTCAGCAGTGGTTCATCAAAGCAA	TTTTGTCCCTCCCAAACCAGTAGTT	TGTTCACAGC	CHEK2	10	TATTCACAGC	359	368	TATTCACAGC	1	0
CUX1 c.301C>T	TATCGTGCAGGCGCTGCACTTTGAG	GCTGTCCGAGATCCAAAGCTGGTAC	CTGGAATT	CUX1	11	CTGGAGTT	299	306	CTGGAGTT	1	0
DNMT3A c.1903C>T	GATTCCATCAAAGAGAGACAGCACC	GGGCTTCCTCTTCTCAGCTGGGACA	CAGAT	DNMT3A	12	CGGAT	1900	1904	CGGAT	1	0
DNMT3A c.2207G>A	CCTTGGGCCGCGCATCATGCAGGAG	AGAACTCAAAGAAGAGCCGGCCAGT	GTGGT	DNMT3A	13	GCGGT	2204	2208	GCGGT	1	0
DNMT3A c.2645G>A	ATGACCGGCCCAGCAGTCTCTGCCT	GGCTCATGTTGGAGACGTCAGTATA	CGCCAAGT	DNMT3A	14	CGCCAAGC	2645	2652	CGCCAAGC	1	0
DNMT3A c.915del	TCCACCAAGACACAATGCGGCCTGG	AGGAGAAGCCCCGCAGTTTCCCCCA	CCAC	DNMT3A	15	CCACC	914	918	CCACC	1	0
ETV6 c.1142dupG	AGGTCATGTTTGTTCTGTTCTTATG	CACAGTCGAGCCAGTCCGTTGGGAT	GTTTCCCC	ETV6	16	GTTTCCC	1140	1146	not_found	1	0
EZH2 c.1963G>C	GCTGCACATGTATTTATCATACACT	TCTGTCAGCTTCATCTTGAGAAATA	TTCCGTCT	EZH2	17	TTCCCTCT	1960	1967	TTCCCTCT	1	0
EZH2 c.2064T>A	GCATAGCAGTTTGGATTTACCGAAT	GCAAAACGAATTTTGTTACCCTTGC	GTTTT	EZH2	18	GATTT	2061	2065	GATTT	1	0
EZH2 c.2214_2218dup	TCAAGGGATTTCCATTTCTCTTT	ACATACTTCAGGGCATCAGCCTGGC	CGATGCCG	EZH2	19	CGATGCCG	[2226, 2211, 2094]	[2233, 2218, 2101]	['CGATGCCG', 'CAATGC...	1	0
EZH2 c.379_380del	TCATCTCCCATATAAGGAATGTTAT	GTTTCATCTTCCACCATAAAATTCT	GTAAAA	EZH2	20	GTAAAACA	378	385	not_found	1	0
EZH2 c.73C>T 	TCTGAACCTCTTGAGCTGTCTCAGT	GTACTCTGATTTTACACGCTTCCGC	CACAT	EZH2	21	CGCAT	70	74	CGCAT	1	1
IDH1 c.395G>A	CTCTGTATTGATCCCCATAAGCATG	CCTATGATGATAGGTTTTACCCATC	ATGA	IDH1	22	ACGA	393	396	not_found	1	0
IDH1 c.791G>A	CATAGTTTTTACAGGCCCAGATGAA	CCCTCTGATTTCATAGCTTGGGCCA	GTCT	IDH1	23	GCCT	789	792	GCCT	1	0
IDH2 c.419G>A	GGAAGACAGTCCCCCCCAGGATGTT	AGTTCCATTGGGACTTTTCCACATC	CTGGAT	IDH2	24	CCGGAT	415	420	CCGGAT	1	0
IDH2 c.514_516delinsCAT	GCCTTGTACTGGTCGCCATGGGCGT	AATGGTGATGGGCTTGGTCCAGCCA	GATGGCC	IDH2	25	GCCTGCC	511	517	not_found	1	0
JAK2 c.1615_1616invTT	TAAATATCAAATCTTCATTTCTGAT	GAAACACCATTTGGTTCATATGAGT	TAAGT	JAK2	26	TTTGT	1613	1617	not_found	1	0
JAK2 c.1775A>G	TCATACTTGCTGCTTCAAAGAAAGA	GAATAGTTTCTGTGTGCTTTATCCA	CCCT	JAK2	27	CTCT	1773	1776	CTAAGGAAAAAAAAAAGTAC...	1	0
JAK2 c.1849G>T	TGAACCAGAATATTCTCGTCTCCACAGA	ATACTCCATAATTTAAAACCAAATGCTTGTGAGAAAGCTTGCTC	AAC	JAK2	28	CAC	1847	1849	not_found	1	0
KIT c.2447A>T	GCGTTTCCTTTAACCACATAATTAG	TTCTTGATGTCTCTGGCTAGACCAA	AAACA	KIT	29	AATCA	2445	2449	not_found	1	0
KRAS c.183A>T	TGGTCCCTCATTGCACTGTACTCCT	GACCTGCTGTGTCGAGAATATCCAA	CAT	KRAS	30	CTT	182	184	CTT	1	0
KRAS c.301C>T	TACATCTTCAGAGTCCTTAACTCTT	GTTCTCTATAATGGTGAATATCTTC	TAAATTT	KRAS	31	TTAATTT	296	302	not_found	1	0
KRAS c.34G>T	ATCGTCAAGGCACTCTTGCCTACGC	GCTCCAACTACCACAAGTTTATATT	CACAA	KRAS	32	CACCA	33	37	CACCA	1	0
MPL c.1543_1544delinsAA	GTCTCCTGTAGTGTGCAGGAAACTG	TCAGCAGCAGCAGGCCCAGGACGGC	CTTCC	MPL	33	CCACC	1541	1545	not_found	1	0
MPL c.1811T>A	ACTCAGCCATGGGTGGGCACACAGA	ATGGTCCCCAGGCAAGAAGGCTGCA	CTGGGGC	MPL	34	CAGGGGC	1806	1812	CAGGGGC	1	0
NFE2 c.195C>G	CAGAATCTGGGTGGATTGAGCAGGG	AAGTTGTGGGTGGTGGAGGTCCAAG	GCACT	NFE2	35	GCAGT	194	198	GCAGT	1	0
NFE2 c.782_785del	GGATGTCCCGGACTAGCGCTAGCTG	CAGCGGGTACCTTGCCAATAGCTCA	GCTGT	NFE2	36	GCTCTCTGT	778	786	GCTCTCTGT	1	0
NRAS c.181C>A	GTCTCTCATGGCACTGTACTCTTCT	CCAGCTGTATCCAGTATGTCCAACA	TTT	NRAS	37	TGT	180	182	TGT	1	0
NRAS c.35G>A	TTGTCAGTGCGCTTTTCCCAACACC	GCTCCAACCACCACCAGTTTGTACT	ATCT	NRAS	38	ACCT	33	36	ACCT	1	0
PPM1D c.1434C>A	ATGTATCCTTAAAGTCAGGGCTTTA	AATTTTCTTCAAGTGGTTCTGGATC	GCTC	PPM1D	39	GCGC	1433	1436	GCGC	1	0
PPM1D c.1654C>T	CACCACTACTTCGACTTAAGCCATT	TATGCTTCTTCATCAGGGGGCCAGA	TCATC	PPM1D	40	TCGTC	1652	1656	TCGTC	1	0
PPM1D c.1714C>T	CGCATGGTGAGTTTAACAGAGTTCT	TGTGAGGTTGTGGGGAGACTTGCAG	TTCAC	PPM1D	41	TTCGC	1713	1717	TTCGC	1	0
PTPN11 c.1508G>C	CGGTACTGTGCTTCTGTCTGGACCA	GACCTCTGAGACCGCACCATCTGGA	TCGCT	PTPN11	42	TCCCT	1506	1510	['TCCCT', 'TCTCT']	1	0
PTPN11 c.215C>T	AATACTGGACCAACTCAGCCAAAGT	AAATTTCTCCCCTCCATACAGGTCA	GAC	PTPN11	43	GGC	214	216	GGC	1	0
RUNX1 c.521G>A	GTTTCTGCCGATGTCTTCGAGGTTC	ATCCACTGTGATTTTGATGGCTCTG	TTGGGGCCC	RUNX1	44	TCGGGGCCC	514	522	not_found	1	0
SETBP1 c.1889C>T	CTCCCGGCACTAGCTGGGCCAACTT	AAATTGCGTCGTCGCTTTCTTTTCT	CACT	SETBP1	45	CGCT	1887	1890	CGCT	1	0
SETBP1 c.2602_2608	AGTGCTGTTGTTGTCTGTCCCAATG	TGGGGATCGTCTCCTCACTGTGGGA	CCGCTGTCGC	SETBP1	46	CCGCTGTCGC	2600	2609	CCGCTGTCGC	1	0
SETBP1 c.3956T>C	GTCATAAGAACTTCTCTCCTTGCGG	CTTGAAGGCTTGGATGTCCTTTTCC	TTCGT	SETBP1	47	TTCAT	3955	3959	TTCAT	1	0
SF3B1 c.1874G>A	CAGCAAAAGCTCTAGCTGTTGTGTT	CATACTCATCCATGTTATCTATATC	ATGGA	SF3B1	48	ACGGA	1871	1875	ACGGA	1	0
SF3B1 c.1998G>T	CCATAAGAATAGCTATCTGTTGTAC	TAATACCAGTGTGTCTCGCTTGCCA	AATAT	SF3B1	49	AATCT	1997	2001	AATCT	1	0
SF3B1 c.2098A>G	ATGGCCAAAGCACTGATGGTCCGAA	GCTGCTCATCCACAAGACCATGTTC	CTTCCT	SF3B1	50	CTTTCT	2096	2101	not_found	1	0
SH2B3 c.622G>C	GCGTGCCCCGCTGTCCATGGAGGCC	CGGCCAGGCTGTAGCGCAGCACCGC	TGGT	SH2B3	51	TCGT	620	623	TCGT	1	0
SRSF2 c.284C>A	CCCGGCGGCTGTGGTGTGAGTCCGG	TAGCGCGCCATTTGCACCCGCAGCT	GTGGCGGCCG	SRSF2	52	GGGGCGGCCG	276	285	GGGGCGGCCG	1	0
TET2 c.1779del	TGGAGGTCATTTGATTGGAGAGATT	GATACTGAAGAATTGATGGCAGTGA	GGGT	TET2	53	GGGTT	1778	1782	GGGTT	1	0
TET2 c.3432dup	GCTCCTAGATGGGTATAAAAAGGAC	TTCAATAATTTGCTCTACACATCTG	CTTCATCTTT	TET2	54	CTTCATCTTT	[3487, 3424]	[3496, 3433]	not_found	1	0
TET2 c.3532G>A	TGCCTTCTTTACCAGTATAGATGAC	ATCCTAATAGCTTTACCCTTCTGTC	TCTTTTA	TET2	55	TCTTTCA	3531	3537	TCTTTCA	1	0
TET2 c.3782G>A	TTCTCTCTTCATTCAAGGCACACCG	TTGGTGAGCGTGCCGTATTTCCTCA	GTGA	TET2	56	GCGA	3780	3783	not_found	1	0
TET2 c.4160A>T	GCATACCAATGTGCTGCCATTCTGC	GTGCAAGTCTCTGTGGGCATGAGCA	ATGAT	TET2	57	ATGTT	4159	4163	not_found	1	0
TET2 c.4339_4346delinsG	TGCTAACATCCTGACTTTTCGCCGA	ACCTGAATGGCACCACTCCGTTTTT	AAACT	TET2	58	AAAGAACTCAGT	4338	4349	AAAGAACTCAGT	1	0
TET2 c.5188del	AATCTAGAGGTGGCTCCCATGAAGT	ATCTCATGAGTGGGATAAGGAGGCA	GGCCATC	TET2	59	GGCCATCC	5187	5194	GGCCATCC	1	0
TET2 c.5618T>C	CATGCAGCTCACGCTTTGCACACTC	GAGAATTGACCCATGAGTTGGAGCC	AGT	TET2	60	AAT	5617	5619	AAT	1	0
TET2 c.685dupA	CACAATCTGGATAATATTGAGACAG	TTTTCCAGGAGTTCACCATGTGTGT	TGTTT	TET2	61	TGTT	684	687	TGTT	1	0
TP53 c.524G>A	GCTATCTGAGCAGCGCTCATGGTGG	GCCTCACAACCTCCGTCATGTGCTG	GGGCAGT	TP53	62	GGGCAGC	524	530	GGGCAGC	1	1
TP53 c.659A>G	GTCAGAGCCAACCTCAGGCGGCTCA	GGGCACCACCACACTATGTCGAAAA	CA	TP53	63	TA	658	659	not_found	1	1
TP53 c.743G>A	GTGTGATGATGGTGAGGATGGGCCT	TCATGCCGCCCATGCAGGAACTGTT	CTGGT	TP53	64	CCGGT	740	744	CCGGT	1	0
TP53 c.818G>A	GGTCTCTCCCAGGACAGGCACAAAC	ACCTCAAAGCTGTTCCGTCCCAGTA	ATGC	TP53	65	ACGC	816	819	ACGC	1	0
U2AF1 c.101_101	TAAACGTCGGTTTATTGTGCAACCG	ACCTGTCTCCATGACGACATGCTCC	AGAGC	U2AF1	66	AGAGC	[-121, 98]	[-117, 102]	AGAGC	1	0
U2AF1 c.470A>G	AGCCGCCTCGTGTGCATTCTCCCAT	GACGGCAGCAGGCTTCTCTGAAGTC	CTCATACC	U2AF1	67	CTCATACT	470	477	not_found	1	0
U2AF1 c.692C>T	ATCGCCCAGATCTTTCACGATCTCT	CCGCCTCCTGTCACGCTCCCGTCCG	CAA	U2AF1	68	CGA	691	693	['CGA', 'CAA']	1	0
ASXL1 0bp	GAGGAGCTGCTGCTGGAAGTGTGAT	GGTAAGGCATGGAAGGTCCGAGAGT		ASXL1	69		816	815		1	0
CALR 0bp	GTAGACGGCAGGCTCGGCGACGGCC	AGGCCGAGGAGGCCGAGCAGCAGCG		CALR	70		42	41		1	0
CBL 0bp	GACACAACCGCACCACCTTGTCCAT	GAGCTTCCAGCACTTCTCCACCATC		CBL	71		187	186	not_found	1	0
CHEK2 0bp	TCCACTGGTGATCTGATCCTTCAGT	GACACTTGAGTCCTATGCTCAGAGA		CHEK2	72		[1104, 1305, 1434, 1032]	[1103, 1304, 1433, 1031]		1	0
CUX1 0bp	CAATACCGTTGCGGTGGCATCGAGT	TCTCTCTTCAACCTGGCTCCGGCTA		CUX1	73		36	35	not_found	1	0
DNMT3A 0bp	GACACTCCTGCAGCTCCAGCTTATC	ATTCACAGTGGATGCCAACGGCCTG		DNMT3A	74		[2431, 1864]	[2430, 1863]	not_found	1	0
ETV6 0bp	GGCAGGCGGATCGAGTCTTCCTCCA	TCCTGAGCGCTCGAGGCACTGGAAC		ETV6	75		128	127		1	0
EZH2 0bp	GGTACATTCAGGAGGAAGTGCGCCT	GGGAGCTGCTGTTCGGTGAGTTCTT		EZH2	76		[759, 642]	[758, 641]		1	0
IDH1 0bp	TAATGCAAGCAGCCAAGTCCTTGGT	CATGAAGCCAGCCTCAATTGTCTCA		IDH1	77		1117	1116		1	0
IDH2 0bp	GTCATGGCTCCACTCTCCACCGTCT	CCACGCACACCTTCTCCAGCATCTG		IDH2	78		1211	1210		1	0
JAK2 0bp	TCTGTAGAGTACATTATGCCTGGTT	GACTCATCTATATGGAAGACATGGT		JAK2	79		321	320		1	0
KIT 0bp	AGGAAGCGGTGCTGCCGACAGAATT	GATCCGCACAGAATGGTCTACCACG		KIT	80		2872	2871		1	0
KRAS 0bp	CTCCATCAATTACTACTTGCTTCCT	GTAGGAATCCTCTATTGTTGGATCA		KRAS	81		121	120	not_found	1	0
MPL 0bp	AGCATTGCAGTCCAAGTGCCACTGC	ATCTCCAGGCAGGTCCACAGTCACA		MPL	82		[850, 829]	[849, 828]	not_found	1	0
NFE2 0bp	GGCTCAGTGGCTTGGAGACTGGTAT	GGCCATGTTGCCATAGGAGTATGGG		NFE2	83		310	309		1	0
NRAS 0bp	CCTCTATGGTGGGATCATATTCATC	TACAAAGTGGTTCTGGATTAGCTGG		NRAS	84		88	87		1	0
PPM1D 0bp	AAGGCCACGGAGGAACGGCGGCGGC	AGCAGCGGCTAGGTGCCGGCGAGGC		PPM1D	85		275	274		1	0
PTPN11 0bp	CCTGCATCCATGATGCTCTCCTGCT	TATGGTGCACCTCCTCCAGGAAGTC		PTPN11	86		1334	1333		1	0
RUNX1 0bp	ACCTCCACCATGCTGCGGTCGCCGC	TCCTCAGCTTGCCGGCCAGGGCAGC		RUNX1	87		[137, 218]	[136, 217]		1	0
SETBP1 0bp	CCGCTTGGCCTTCAGGATCTTGTTC	ACGTGGTCCAGGTTCTTCTTGGTGG		SETBP1	88		4290	4289		1	0
SF3B1 0bp	ATGATGAATAGTCATCGTCATCATC	TTCAAGTTCAGTTGCAGCAATTGAT		SF3B1	89		193	192	not_found	1	0
SH2B3 0bp	GGCTCGATTCACAGGCTCATGCTCC	AGGTGCTGCAGGCTGTTGGCCAGTT		SH2B3	90		1626	1625		1	0
SRSF2 0bp	ACTTGGACTTGGACCTTCGTGCGGA	TCTGGACTTGGAGGTCGACCGAGAT		SRSF2	91		493	492		1	0
TET2 0bp	GGTGGTGCTGTGTGCATACAGGCAT	GTGGCTTGCATCCAGGTTCCACCTT		TET2	92		[2969, 3032]	[2968, 3031]		1	0
TP53 0bp	TTCCCAGCCTGGGCATCCTTGAGTT	CCAAGGCCTCATTCAGCTCTCGGAA		TP53	93		[710, 650, 783, 629, 702, 569, 929, 1179, 1106, 989, 1062, 767, 1046]	[709, 649, 782, 628, 701, 568, 928, 1178, 1105, 988, 1061, 766, 1045]		1	0
U2AF1 0bp	CTTCTTGCGACGGCGGCCATACAGC	TCCCGCCGCAGCTCTCTGGAAATGG		U2AF1	94		[333, 552]	[332, 551]		1	0
